Workbook

Sheet Datos Limpios
A1: Fecha | B1: Cliente | C1: Producto | D1: Cantidad | E1: Precio Unitario | F1: Total
A2: 46174 | B2: Ana Belen Torres | C2: Protector Solar Spf50 | D2: 1 | E2: 19.99 | F2: 19.99
A3: 46174 | B3: Sofia Castillo | C3: Crema Hidratante Facial | D3: 1 | E3: 22 | F3: 22
A4: 46174 | B4: Ana Belen Torres | C4: Delineador Liquido Negro | D4: 1 | E4: 7.5 | F4: 7.5
A5: 46174 | B5: Ana Belen Torres | C5: Delineador Liquido Negro | D5: 3 | E5: 7.5 | F5: 22.5
A6: 46175 | B6: Carla Ximena Ruiz | C6: Delineador Liquido Negro | D6: 1 | E6: 7.5 | F6: 7.5
A7: 46175 | B7: Camila Andrade | C7: Serum Vitamina C | D7: 1 | E7: 18.5 | F7: 18.5
A8: 46177 | B8: Camila Andrade | C8: Crema Hidratante Facial | D8: 3 | E8: 22 | F8: 66
A9: 46178 | B9: Carla Ximena Ruiz | C9: Serum Vitamina C | D9: 1 | E9: 18.5 | F9: 18.5
A10: 46179 | B10: Carla Ximena Ruiz | C10: Crema Hidratante Facial | D10: 1 | E10: 18.94 | F10: 18.94
A11: 46179 | B11: Ana Belen Torres | C11: Serum Vitamina C | D11: 3 | E11: 18.5 | F11: 55.5
A12: 46180 | B12: Ana Belen Torres | C12: Mascarilla De Arcilla | D12: 1 | E12: 12.3 | F12: 12.3
A13: 46180 | B13: Valentina Ponce | C13: Base Liquida Natural | D13: 1 | E13: 24.9 | F13: 24.9
... A141: 46248 | B141: Carla X. Ruiz | C141: Serum Vitamina C | D141: 2 | E141: 18.5 | F141: 37

Sheet Resumen
A1: Reporte de Ventas — Resumen Automático
A3: Métrica | B3: Valor
A4: Ventas totales | B4: =SUM('Datos Limpios'!$F$2:$F$141) -> 3579.51
A5: Número de ventas | B5: =COUNTA('Datos Limpios'!$F$2:$F$141) -> 140
A6: Ticket promedio | B6: =AVERAGE('Datos Limpios'!$F$2:$F$141) -> 25.567929
A7: Unidades vendidas | B7: =SUM('Datos Limpios'!$D$2:$D$141) -> 212
A9: Producto | B9: Total Vendido | C9: Unidades
A10: Base Liquida Natural | B10: =SUMIF('Datos Limpios'!$C$2:$C$141,A10,'Datos Limpios'!$F$2:$F$141) -> 692.51 | C10: =SUMIF('Datos Limpios'!$C$2:$C$141,A10,'Datos Limpios'!$D$2:$D$141) -> 28
A11: Crema Hidratante Facial | B11: =SUMIF('Datos Limpios'!$C$2:$C$141,A11,'Datos Limpios'!$F$2:$F$141) -> 849.25 | C11: =SUMIF('Datos Limpios'!$C$2:$C$141,A11,'Datos Limpios'!$D$2:$D$141) -> 39
A12: Delineador Liquido Negro | B12: =SUMIF('Datos Limpios'!$C$2:$C$141,A12,'Datos Limpios'!$F$2:$F$141) -> 144 | C12: =SUMIF('Datos Limpios'!$C$2:$C$141,A12,'Datos Limpios'!$D$2:$D$141) -> 19
A13: Labial Mate Rojo | B13: =SUMIF('Datos Limpios'!$C$2:$C$141,A13,'Datos Limpios'!$F$2:$F$141) -> 255.24 | C13: =SUMIF('Datos Limpios'!$C$2:$C$141,A13,'Datos Limpios'!$D$2:$D$141) -> 26
A14: Mascarilla De Arcilla | B14: =SUMIF('Datos Limpios'!$C$2:$C$141,A14,'Datos Limpios'!$F$2:$F$141) -> 220.21 | C14: =SUMIF('Datos Limpios'!$C$2:$C$141,A14,'Datos Limpios'!$D$2:$D$141) -> 18
A15: Protector Solar Spf50 | B15: =SUMIF('Datos Limpios'!$C$2:$C$141,A15,'Datos Limpios'!$F$2:$F$141) -> 299.85 | C15: =SUMIF('Datos Limpios'!$C$2:$C$141,A15,'Datos Limpios'!$D$2:$D$141) -> 15
A16: Rubor En Polvo | B16: =SUMIF('Datos Limpios'!$C$2:$C$141,A16,'Datos Limpios'!$F$2:$F$141) -> 179.56 | C16: =SUMIF('Datos Limpios'!$C$2:$C$141,A16,'Datos Limpios'!$D$2:$D$141) -> 16
A17: Serum Vitamina C | B17: =SUMIF('Datos Limpios'!$C$2:$C$141,A17,'Datos Limpios'!$F$2:$F$141) -> 938.89 | C17: =SUMIF('Datos Limpios'!$C$2:$C$141,A17,'Datos Limpios'!$D$2:$D$141) -> 51
A19: Producto más vendido | B19: =INDEX(A10:A17,MATCH(MAX(B10:B17),B10:B17,0)) -> Serum Vitamina C
